{"cigarini": 6.147345058567855, "d'alessandro": 6.152184288202237, "de roon": 6.33768411249255, "gomez a.": 6.87271520348399, "grassi": 4.809750263426073, "kurtic": 6.440985483611213, "crisetig": 5.569369626722043, "diawara": 5.477886230882774, "rizzo": 5.525318707169781, "di gaudio": 5.058746998944084, "lasagna": 6.991911758214302, "birsa": 6.143301240388676, "castro": 6.36870460269188, "radovanovic": 6.095478058175341, "inglese": 6.507098029713047, "paloschi": 4.901888263318385, "krunic": 6.366934940969045, "saponara": 6.389627753902829, "zielinski": 6.348988233697767, "badelj": 6.196617009492085, "borja valero": 6.2062802595682705, "capezzi": 4.92291079050284, "ilicic": 6.9845574036127775, "vecino": 6.326811636600051, "babacar": 6.553561169515582, "bernardeschi": 5.743725460201031, "kucka": 6.623621166511344, "laxalt": 6.041981229209023, "lazovic": 6.474482391613687, "perotti": 6.0724572253547695, "rincon": 6.099253592983192, "pandev": 6.844493914154084, "pavoletti": 6.636744395411011, "d'ambrosio": 6.479093968540241, "bessa": 5.702029084953162, "brozovic": 6.297552021183105, "icardi": 6.427229717393907, "palacio": 6.580445190742719, "bonucci": 6.325555830953215, "chiellini": 6.110941057819412, "khedira": 5.0309001099831026, "sturaro": 4.282973819574537, "cerri": 4.933003165208881, "dybala": 7.109046674329374, "mandzukic": 7.278190915094019, "zaza": 6.431120017403947, "biglia": 6.15926903403858, "candreva": 6.585244754648995, "cataldi": 5.68881956903119, "lulic": 6.192660369795261, "parolo": 6.426710717922958, "bertolacci": 4.6781887344279784, "bonaventura": 6.807453679281576, "poli": 6.320259460530499, "suso": 6.689974725765358, "verdi": 6.56088106494035, "matri": 4.933372604595104, "petagna": 7.441664255181534, "allan": 6.345820013148087, "valdifiori": 6.252300323342716, "callejon": 6.840258066209156, "gabbiadini": 6.88756585487817, "higuain": 6.911462887573833, "insigne": 6.875623974796458, "mertens": 7.267840635571466, "goldaniga": 5.991218019786153, "hiljemark": 5.797670127462299, "rigoni l": 5.146076343318897, "belotti": 7.526292168248508, "la gumina": 5.071636304141157, "manolas": 6.374551172610869, "nainggolan": 6.619369590063253, "pjanic": 6.356339795784523, "destro": 5.301463341124844, "gervinho": 6.160327049011917, "iago falque": 6.41569024640223, "sanabria": 5.821241980868655, "barreto": 4.852551453571429, "correa": 6.6605561055849485, "muriel": 7.465759395052304, "acerbi": 6.255009902247176, "duncan": 6.459717223564194, "magnanelli": 6.125330907041309, "missiroli": 6.060999409136533, "pellegrini lo.": 6.510244409982145, "berardi": 7.1281666277072775, "falcinelli": 6.522076771120403, "floccari": 5.043827442753791, "politano": 6.462092135121802, "sansone n.": 5.896637053242399, "baselli": 6.10788232835987, "benassi": 6.329552098471742, "quagliarella": 5.89245764517827, "badu": 4.136549672509018, "verre": 6.133821696034843, "perica": 5.720120089197782, "thereau": 5.8076726368846305, "zapata d.": 7.370151350045873, "ionita": 6.196341307785151, "viviani": 5.604716710315431, "fares": 5.44492057044641, "siligardi": 5.583859296778176, "defrel": 6.574925405763956, "pulgar": 6.620964035086667, "milinkovic-savic": 6.564710446120616, "dzeko": 6.9848677417824305, "kalinic": 5.085516364628743, "iniguez": 5.552413025303624, "alex sandro": 6.428578352126317, "machin": 6.463632763832313, "donsah": 5.641615866703051, "toloi": 6.25795895010353, "cuadrado": 6.292935442604781, "perisic": 6.726641332166114, "dzemaili": 6.109087198990195, "boateng": 5.799995918375654, "cristante": 6.2759158244359305, "immobile": 8.085996875863371, "freuler": 6.312073000850435, "samir": 6.198227435537721, "gagliardini": 6.601779171970476, "balic": 5.557648445551488, "favilli": 6.31874891733077, "locatelli m.": 6.305177725206489, "edera": 4.826037700057972, "de vrij": 6.337916085862091, "romagnoli a.": 6.083155276870235, "danilo lar.": 6.19840372464199, "kessie'": 6.485925107784909, "di francesco f.": 5.6476224621603475, "krejci": 6.261574097275313, "nagy": 5.685507432262439, "pisacane": 6.1653193440089655, "barella": 6.256241447797066, "deiola": 6.137606458821487, "dessena": 6.12747509965358, "joao pedro": 7.358267472140303, "munari": 5.560816198499431, "farias": 6.605564565901664, "mandragora": 6.135557798296736, "minala": 5.5666016615713065, "lapadula": 6.805420759447259, "caprari": 6.804933194894218, "schick": 5.451935928119445, "mazzitelli": 5.589382018745955, "sensi": 6.366037348843209, "parigini": 5.773451424822339, "fofana": 6.413583214113665, "jankto": 6.334054078941408, "djuricic": 6.425317936946601, "de paul": 6.6220809324001735, "pjaca": 6.746036011550398, "chiesa": 6.6538690515826655, "murgia": 5.606429639850614, "linetty": 6.412286749329818, "lukic": 6.3369286529306335, "miguel veloso": 6.291042462715733, "milik": 5.42011416754337, "fazio": 6.234194080585981, "pinamonti": 6.570086957299955, "simeone": 6.838209731544232, "praet": 5.743790423339957, "ragusa": 5.652929281091032, "cristoforo": 4.705911762674571, "rog": 6.220143921369051, "pasalic": 6.669683431600569, "joao mario": 4.499374690532729, "luis alberto": 6.729394722224754, "kean": 7.011930327726009, "farago'": 6.140711977439173, "coulibaly": 5.552413025303624, "han": 6.3351966076204675, "cutrone": 5.747696319041099, "izzo": 6.219269392648943, "biraghi": 6.423493321814304, "calabria": 5.516685694492299, "romulo": 5.6491048680181235, "ansaldi": 6.469866236429474, "ceppitelli": 6.052496280598508, "bastos": 5.499351615613929, "gosens": 6.591996228037749, "cornelius": 6.477603673187908, "bentancur": 6.358193050398297, "orsolini": 6.98869607390016, "barak": 6.2846731017032855, "andre' silva": 4.806572704571677, "palomino": 6.272822248147843, "borini": 6.255541585717709, "marusic": 6.153617945548817, "ingelsson": 6.2736104500956085, "gonalons": 5.5666016615713065, "calhanoglu": 6.7159471495583425, "ounas": 6.894470018761314, "douglas costa": 6.306135186109868, "under": 5.942733368927506, "berenguer": 6.482191633142547, "lucas leiva": 4.790977950539094, "falletti": 5.525318707169781, "cassata": 6.221238690671095, "kolarov": 6.538243319934741, "veretout": 6.545258398194809, "ciciretti": 5.656702828969607, "ceravolo": 5.393550223586643, "lazzari m.": 6.282043400716959, "valoti": 6.358527754872643, "caicedo": 6.778883458361374, "ramirez": 6.606087821218287, "n'koulou": 6.158427487435867, "eysseric": 4.182139356616512, "mancini g.": 6.286035673605735, "behrami": 6.043829943404759, "salcedo e.": 4.796016411115099, "matuidi": 6.271354407581501, "pezzella ger.": 6.157138779321312, "stryger larsen": 6.191112419894237, "brignola": 5.971496070265739, "karamoh": 4.197304731016946, "stepinski": 6.384843455281368, "bruno jordao": 6.298210662002748, "pedro neto": 5.802941454718281, "leris": 5.4751029099725805, "sandro": 5.008810564515708, "dabo": 5.539004384686823, "barrow": 6.054907055001614, "stijepovic": 5.594547644890296, "djimsiti": 6.1773730187013545, "bastoni": 5.600658553019527, "milenkovic": 6.245383158514075, "bonifazi": 5.42326115019153, "castagne": 6.3936383018738745, "rogerio": 6.059185609817647, "luiz felipe": 6.313059668794969, "pastore": 6.398018866992796, "ekdal": 5.468568251376993, "can": 4.903848851135853, "cristiano ronaldo": 7.9499924821262535, "nzonzi": 5.725580899815522, "soriano": 6.405697558966846, "castillejo": 6.49993834269887, "pessina": 6.415507150125761, "valzania": 5.133705685561059, "santander": 6.374322621799327, "svanberg": 6.320286105669064, "piatek": 6.69972691723076, "callegari": 5.525318707169781, "kouame'": 6.5941563075429075, "martinez l.": 6.984463366209578, "zaniolo": 6.523800463254263, "berisha v.": 4.81474356813651, "sprocati": 5.023725948541748, "ruiz": 6.599611690931045, "younes": 5.241942870275373, "kluivert": 6.621143786939292, "coric": 6.34468752992958, "peeters": 4.679676558209228, "meite'": 6.113926919542217, "micin": 5.647143818019156, "barilla'": 6.271002821786272, "scozzarella": 5.444999817570443, "baraye": 5.652929281091032, "da cruz": 5.786768448955714,