{"gomez a.": 41.73724097550534, "callejon": 40.30303245181108, "bonaventura": 38.878957978985724, "luis alberto": 35.59332193731961, "perisic": 35.480075051341906, "calhanoglu": 35.04193498348223, "suso": 33.989179706953244, "pasalic": 33.177872933830315, "chiesa": 32.552361898296496, "kucka": 31.372539375348726, "de paul": 31.313045034400798, "kluivert": 31.276873718235915, "pulgar": 31.269938165259585, "nainggolan": 31.20845169800505, "ramirez": 30.69861922511575, "gagliardini": 30.534129885008205, "ruiz": 30.451550000266373, "candreva": 29.907004352185837, "milinkovic-savic": 29.137227717831653, "verdi": 28.99478472776305, "veretout": 28.41727888259331, "kulusevski": 28.05491742280499, "zaniolo": 27.63353636746917, "pellegrini lo.": 27.14405571446063, "castillejo": 26.7748519668227, "kessie'": 26.27689867308422, "berenguer": 26.145020036476705, "lazovic": 25.873754037155628, "ansaldi": 25.712001948873002, "machin": 25.494383222917534, "duncan": 25.358159491662498, "kurtic": 24.71152092299883, "parolo": 24.224348839826835, "djuricic": 24.17707542498735, "pessina": 23.84538831236151, "fofana": 23.78061177820175, "linetty": 23.737011108309197, "soriano": 23.51603216665132, "pastore": 23.259818909970736, "saponara": 22.981439213098554, "traore' hj.": 22.752447122584076, "castro": 22.294601787274292, "krunic": 22.23698760604111, "sensi": 22.20779354400078, "valoti": 21.964296378378833, "bentancur": 21.95347489514293, "nicolussi caviglia": 21.9141360659368, "pjanic": 21.893604730112475, "zielinski": 21.656914775813192, "allan": 21.555307796927234, "coric": 21.51904625616624, "de roon": 21.29547846989436, "lukic": 21.27143194073612, "jankto": 21.180057478079203, "benassi": 21.03734764955822, "vecino": 20.950713010394956, "svanberg": 20.74514000060635, "poli": 20.74430267974112, "freuler": 20.48784416022298, "douglas costa": 20.302827394715326, "immobile": 129.0218143202162, "cristiano ronaldo": 117.90005263621701, "belotti": 86.46479815969398, "muriel": 82.37085495033953, "petagna": 80.76888198089598, "zapata d.": 76.10695380785442, "joao pedro": 75.34567051432599, "mandzukic": 70.31571737661253, "mertens": 69.67825184836443, "caputo": 65.3956547765112, "berardi": 61.35972970456003, "dybala": 60.26214173913637, "kean": 54.84007688605927, "lasagna": 53.754196068414466, "orsolini": 53.58077774590594, "dzeko": 53.374685344508926, "ilicic": 53.357996164788425, "martinez l.": 53.35293959296985, "okaka": 53.34643895477743, "higuain": 49.49985436284513, "ounas": 48.62366089091741, "gabbiadini": 48.26990073543246, "insigne": 47.66106377000531, "pandev": 46.0921146859375, "simeone": 45.7785784437724, "lapadula": 44.15999791926507, "caprari": 44.13614980267675, "boga": 43.93316749272924, "caicedo": 42.8713514275683, "pjaca": 41.30271246427083, "piatek": 39.14087090056301, "correa": 37.35762756815871, "pavoletti": 36.293922332198996, "farias": 34.92430162531814, "kouame'": 34.42975912189938, "palacio": 33.84005491241276, "defrel": 33.60409147450702, "pinamonti": 33.39793325386057, "babacar": 32.698580229177956, "falcinelli": 31.38667401433176}